,nama_produk,harga,asal_ecommerce
58,FUZE XIAOMI REDMI 3 3S 4A 4X 5 5A GO S2 6 6A 7A 8 8A PRO 9 9C 9A MI A1 5X A2 LITE MM3991,2400,shopee
11,"REDMI GO , S2 , 2S , 3 4A 4X 5 , 5+ 5A , A1/5x , 6 , 6A , 6X , 6 PRO/ A2lite ANTI CRACK SOFT",2880,shopee
76,MIAO CASE CANDY MACAROON XIAOMI REDMI 3S 3 4A 4X 5 5A 5+ 6 6A 6PRO MI A2 S2 SOFT CASE TPU,3200,shopee
52,"Xiaomi Redmi Note 7, Note 4, Note 4X, Note 3, Note 3 Pro, S2 Soft Case Silikon Slim Fit Carbon Hitam",3500,shopee
75,Anticrack Xiaomi Redmi 3s 3 Pro 4A 4X 5A 6 6A 7A 8A 8A Pro 8 Go Case Bening Transparan Silikon,3666,shopee
44,Anticrack Xiao Mi Redmi 3S 3 Pro 4A 5A 4X Go Silikon case Softcase jelly Bening Lembut,3700,shopee
86,Xiaomi Redmi Note 3 4 4x 5 5A 6 7 8 9 Pro Prime Hard Case Bumper Candy Matte Hybrid Dove,3999,shopee
13,Xiaomi Redmi Note 4/4X/5/5A/5 Pro/7/7 Pro/8 Pro/8/9/9 Pro / Oppo A3S/A5 2020/A9 2020/F5/F7/F9/F11/F11 pro/A53/A32 2020/A33 2020/Neo 7 (A33) - Softcase Jelly Lembut Case Anticrack Anti Crack Bening Clear Putih Transparan Transparent/Anti shock casing hp,4000,shopee
78,Softcase candy xiaomi redmi 4a 4x 5 5a 5+ 6 6a 6x/m1 a2 6pro/mi a2 lite 7 7a 8/8a BC985,4444,shopee
28,Softcase Candy Xiaomi Redmi 4A 4X 5A  SB1735,4444,shopee
5,Softcase Candy Xiaomi Redmi 4A 4X 5A BD915,4444,shopee
3,Case Silicon Auto Focus Xiaomi Redmi 4x Softcase kulit,4914,shopee
62,SOFTCASE MACARON PELINDUNG KAMERA XIAOMI REDMI 4A 4X 5A 5+ 6 6A BB5689,4999,shopee
36,Softcase Koper Xiaomi Redmi Note 4 4x 5a 5 6 Prime Pro CS666,4999,shopee
98,SOFTCASE MACARON PELINDUNG KAMERA XIAOMI REDMI 3 4A 4X 5A 5+ 6 6A 7 8 8A PRO 9 9A 9C 9T 10 BC5862,4999,shopee
38,"case warna full koper silicon tpu case XIAOMI 8/8A/8A PRO , 9A , 9C MINOTE 4/4X,",4999,shopee
97,"ALC ACC REDMI 5,5+,4A,5A,4X,2S,6A,S2,7,7A,3S/PRO,6,8,8A,8A PRO,9,6 PRO,POCO F1, MI 10/10 PRO, Mi 11 LITE, Mi 10T/Mi 10T PRO, Mi 11, REDMI 10/10 PRIME ANTICRACK CASE",5000,shopee
53,Silikon Case MYCHOICE Xiomy Redmi 4x  Pelindung Kamera,5720,shopee
30,Case Bumper Xiaomi Redmi Note 2 Note 3 3 Pro Note 4 Note 4X 5X Note 6 Pro MiA1 Softcase My Choice,5900,shopee
96,Xiaomi Redmi Note 4 Note 4X Case Dove + Kamera Matte Transparan Slim Fuze Macaron MY CHOICE,5999,shopee
12,Case Casing Xiaomi Redmi 4A 5A 6A 4X Silicon Autofocus Hitam,6500,shopee
65,SLICON XIAOMI REDMI 4A/4X/5A/5X MY CHOISE AERO,6500,shopee
26,Softcase Choice xiaomi redmi 4X 9A 9C note 7 8 pro BD910,6990,shopee
9,CASE MATTE XIAOMI REDMI 4X TRANSPARAN FUZE MACARON MY CHOICE - FA,7000,shopee
47,CASE BABY SKIN MACARON + PROTECT CAMERA XIAOMI REDMI 3 3S 3X REDMI 3 PRO SOFTCASE - FA,7500,shopee
85,Case Xiaomi Redmi 3 3x 3s 3Pro 4i 4c 4x 4a 5a Note4 Vivo Y53 Y55 Oppo A39 A57 F3 Samsung J5 J7 Pro J5 Prime Character Beruang Bears Motif Timbul Lucu,8000,shopee
92,Xiaomi Redmi Note 7 8 8 Pro 9 9 Pro 10 10 Pro 4 4x 10 Plus Case Matte Frosted Case Aero Full Kamera,8000,shopee
84,Case Ipaky Carbon Fiber Xiaomi Redmi NOTE 4X / NOTE 4 Softcase Shockproof TPU Backcase,8600,shopee
82,Case Ipaky Carbon Fiber Xiaomi Redmi 4X Softcase Shockproof TPU - BLACK,8700,shopee
45,Case Ipaky Carbon Xiaomi Redmi 4X__NA,9000,shopee
27,CASE FUSION ARMOR SHOCKPROOF XIAOMI REDMI 4X - FA,9000,shopee
94,SS013 case UNICORN xiaomi redmi 4a 3 5a 6a 8a 8 9a 9c 9 note 4 4x 5a prime 5 6 7 8 9 pro 10x BD147,9500,shopee
4,SS087 Casing McDonald's Straight Cube Soft Case xiaomi redmi 4A 4X 5A 6A 8 8A PRO 9 10 BD2498,9500,shopee
54,Silikon Case My Choice Xiomy Redmi 4x Plus Pelindung Kamera,9625,shopee
35,SS048 CASE XIAOMI REDMI 4A 3 5A 6A 8A 9 9C 9A PRO BB4708,9999,shopee
60,SS088 SOFTCASE PELINDUNG KAMERA XIAOMI REDMI 4A 4X 5A 6A 8 8A PRO 9 10 TA2265,9999,shopee
67,Xiaomi Redmi 9T 9 9A 9C 8 8A Pro 7 6 5A 5 Plus 6A 4X 4A Case Dove Matte Armor Colored Transparan,10000,shopee
22,Soft Case Motif Kartun Acak Untuk Xiaomi Redmi Note 9 9s 9pro 8 8pro 7 6 5 5a Prime 4 4x 9 7 S2 4a 4x 5a 6a 5plus,10073,shopee
1,Xiaomi Redmi 4X Case Dove Slim Matte Fuze Macaron,10100,shopee
18,[T-20] SOFT CASE XIAOMI REDMI 4A 5A 6A 7A 6 7 8 8A 9A 9C 5 5+ 2S 3PRO 4X 10 CASING KOREA,10800,shopee
64,[F-08] Case XIAOMI REDMI 4A 5A 6A 7 8 8A 8APRO 9A 9C 5 5+ NOTE 5A 4X 8 8PRO 9PRO,11000,shopee
20,[MS84] Case Xiaomi Redmi 4A 4X 5A 6A 7A 8A 9C 9A 9T Note 4X 5 6 7 8 9 10 Pro,11000,shopee
83,[V1] Case Xiaomi Redmi 4A 5A 6A 7A 8A 7 8 9 9A 4X 5 5 Plus Pro,11000,shopee
8,Case Xiaomi Redmi Note Note 4 4X 5 7 8 9 10 Pro BM12,12400,shopee
32,Case Xiaomi Redmi 4A 4X 5A 6A 7 7A 8A 9 9A 9C 9T 10 Poco M3 X3 CN2,12500,shopee
43,Case Xiaomi Redmi Note 4 4X 5A 5 7 8 9 10 Pro [V11],12500,shopee
24,[BM7] Soft Case Xiaomi Redmi 4A 4X 5A 6A 7A 8A 9A 9C 9T Note 5 7 8 9 Pro,13000,shopee
42,[MG5] Case Xiaomi Redmi 4A 5A 6A 9C 9A Note 4X Hybrid Case,13000,shopee
80,[052] CASE XIAOMI REDMI 4A 5A 6 6A 4X 7 8 9A 9C,13000,shopee
2,"Xiaomi Redmi 3 3S,4A,4X,5,5A,5+,6,6A,6 Pro/mi A2 Lite,K20,Note 3 10 Kick Stand Case Hybrid Phantom",13400,shopee
56,[MG6] Case Xiaomi Redmi 4A 5A 6A 9C 9A Note 4X 4,14000,shopee
70,Casing Handphone Xiaomi Redmi 9 8 7 6 Pro 9t 9c 6a 7a 8a 9a 5 Plus 5a 4a 4x Motif Beruang,14775,shopee
95,Hard Case Belt Clip Robot Transformer Xiaomi Redmi 9 8A 7A 6 4X 6A 9A 9T NOTE 5A 9C 10,15999,shopee
69,Soft TPU Case Xiaomi Redmi Note 9 8 10 10S 9 PRO MAX 9S Xiaomi Redmi POCO C3 X3 NFC X3 PRO M3 Redmi 9 9C NFC 9A 9i 9T 9AT 9 PRO Power 10X POCO M2 PRO Y12 Y20 A12 A54 A15 A16 Couple Happy Smile Graffiti Anti-fall Case,15999,shopee
25,Xiaomi Redmi 4A 4X 5A 6 6A 7 8 8A 9 9A 9C 9T 10 Soft Case Motif Kulit Sapi Silikon Casing,16500,shopee
46,Casing Silikon Xiaomi Redmi 4a Note 3 4 4x 3s 5a 5 6a 7 8 7a Prime Plus Pro Motif Htkt 6,16916,shopee
14,Casing Silikon Xiaomi Redmi 4a Note 3 4 4x 3s 5a 5 6a 7 8 7a Prime Plus Pro Motif Htkra 3,16916,shopee
66,SS061 case Xiaomi Redmi 4X 4A 5A 6A 8a Pro 8 9a 9c Note 7 8 9 Pro 10x 9s NOTE 4X 10 PRO CS2623,16999,shopee
39,OPPO F1S F3 F3+ F5 F5 Youth F7 F9 PRO F11 PRO Soft Case Starbucks Mcd kulit Silikon Casing Transparan Anti Crack,17500,shopee
73,Xiaomi Redmi Note 4X (Note 4 Global Version ) Cute Fashion Printed Case Macaroon Silicone Soft TPU Phone Casing,17849,shopee
15,"Casing Silikon Xiaomi Redmi Note 2 3 3s 4a 4x 5a 5 6 6a 7 S2 Pro Plus Prime A2Lite Motif Txche-5
",17883,shopee
6,Soft Case Xiaomi Redmi 4A 5A / Note 4 / Not 5A Prime / 4X 4Pro / 4 Pro Snapdragon Mediatek Mtk Hard Case Cover Belt Clip Robot Transformer Phantom Hybrid Armor Leather Flip Softcase Metal Magnetik Fiber Standing Carbon Ruged Hardcase Kick Stand Casing Hp,18032,shopee
81,A36 Casing soft Case Silikon Motif Print Tema Anti Jatuh Untuk Xiaomi mi 9x / a3 / cc9 / cc9e / note 3,18247,shopee
23,BACKDOOR - BACK CASING - HOUSING XIAOMI REDMI 4A PENUTUP BATERAI,18500,shopee
88,ST| Casing HP Xiaomi Redmi 8A Pro 4X 4A 5 5A 5 Plus 6 6A 7A 8 Note 9s 4 4X 5 6 7 8 9 Pro Max Soft Couple Milk Tea Bear Case + Free Popsocket,18781,shopee
33,ST| Casing HP Xiaomi Redmi 8A Pro 5 6 8 4X 4A 5A 6A 7A Note 9s 4X 4 5 7 6 8 Pro Max Enjoy Your Morning Smile Soft Phone Case,18873,shopee
37,Soft Case Pelindung Lensa Kamera Bahan Tpu Shockproof Untuk iPhone 13 11 12 pro Max 6 6s plus 7 plus 8 plus X XR XS Max SE 2020,19000,shopee
17,Casing Soft Case TPU Silikon Motif Bunga Untuk Xiaomi mi redmi note 4 / 4x / 5 / 5pro / 9s / 9pro / 7 / 9 / 7a,19038,shopee
77,Ti6 Casing Soft Case TPU Silikon Motif Anime Demon Slayer Untuk xiaomi mi5c / poco m3 / f1,19038,shopee
21,Casing Soft Case Bahan TPU Silikon Desain Jahitan Untuk iphone 5 / 5s / 6 / 6s,19038,shopee
34,Soft Case Silikon Motif Panda Untuk Xiaomi Redmi 9C 9T 10 9A Redmi 5 PLus 7 6A Redmi 8 8A Pro 9 6 Pro 5A 4A 4X,19562,shopee
49,Soft Case Bahan Silikon Tpu Untuk Xiaomi Mi 8 Lite 9 9se,19690,shopee
93,Xiaomi redmi 4a 4x 5 plus Soft Silicone TPU Casing phone Cases Cover,19690,shopee
16,Xiaomi redmi 4a 4x 5 plus Soft Silicone TPU Casing phone Cases Cover,19690,shopee
74,Phantom Case Robot Case Xiaomi Redmi Go / 4A / 5A / 6A / 5X / 5 Plus / 7A / 8 / Note 8 / Note 8 Pro,19900,shopee
55,Soft Make UP Mirror Casing CASE Xiaomi Redmi Note 8 Pro S2 4X 4A 5A Note 4 4X 5 5 Plus 6 7 PRO 9 Note 5A 6 6A 7 7A 8 8A 9 9A 9C,20196,shopee
68,Quicksand Case Xiaomi Redmi 5 Plus 5A Note 4 4X 4A S2 K40 K30 K20 Pro Ultra Cover Love Heart Glitter Sequins Soft TPU Phone Casing,20714,shopee
31,[UV10] Softcase Macaron Motif GRATIS Tali Slingcase For Xiaomi Redmi 10 9T POCO M3 X3 4A 5+ 5A 6A Redmi 7 8A 9 9A 9C Note 10 (4G) Note 10 (5G) Note 5 Note 5A Prime Note 7 Note 8 Pro Note 9 Note 9 Pro Note 11 4G 5G - Case Camera Protect + Tali For Redmi,20800,shopee
57,XIAOMI REDMI 4X FLIP LEATHER CASE PREMIUM-FLIP WALLET CASE KULIT UNTUK XIAOMI REDMI 4X - CASING DOMPET-FLIP COVER LEATHER-SARUNG BUKU HP,21850,shopee
72,LEATHER FLIP CASE XIAOMI REDMI NOTE 3/ NOTE 4/ NOTE 4X/ NOTE 5/ BOTE 5PRO/ NOTE 5A/ NOTE 6/ NOTE 6PRO/ NOTE 7/ NOTE 7PRO/ NOTE 8/ NOTE 8PRO / LEATHER FLIPCOVER CASE DOMPET HP BAHAN KULIT/ BISA COD/ BAYAR DI TEMPAT,22999,shopee
0,HL| Casing HP Xiaomi 8 11 Lite POCO X3 M3 Pro Redmi 10C 10 9T 6A 5A 9A 9C 9 7 8 5 Plus 6 Pro Note 11 11S 10S 4x 5 6 7 8 9 9s 10S 10 Pro Soft Transparent Signboard Insert Painting Handphone Case,23015,shopee
29,Hardcase Redmi 4a / Redmi 5a / Redmi 6a / Redmi 7a / Redmi 8a / Redmi 9a / Redmi 9c / Redmi 9t Case Belt Clip Robot Transformer,23400,shopee
91,Touchscreen Xiaomi redmi 4x Original,24500,shopee
79,clear Case Redmi 10c 10A 9A 9C 9T Note 11 Pro Note 11s Note 10 Pro Note 10s Note 10 5G Note 9s Note 9 Pro Note 8 Pro POCO X3 GT POCO X3 Pro POCO X3 NFC POCO M3 Pro POCO M4 Pro 5G Mi 11 Lite 5G Ne 11T Pro,27483,shopee
59,Flip Cover Kulit Asli Xiomi Redmi s2 2s 3s 4a 4x 5a 5x 6a 6x 7a 8a 5Plus Case Leather Premium,30000,shopee
61,[Free lanyard] Soft Case Bahan Silikon Untuk Square Case Iphone 6 6s 7 8 Plus Case iPhone X XS XR XS MAX,31071,shopee
99,Case Redmi Note11 Note11s Note11Pro Note10 Note10s MI 12 MI 12Pro POCO M4Pro X3Pro X3NFC X3 X4Pro X3 GT M3Pro F3 Motif Astronot Luar Angkasa Untuk Casing Redmi Note 11 TKR,32034,shopee
7,Soft Case Silikon TPU Motif Astronot Untuk Xiaomi Redmi 7 8 9 10 7 8 9C 9A 9S 9T 10 10s 10Pro 910,32822,shopee
63,Casing Redmi Note 10 10S 9 9A 8 7 6 6A 5 5A 4 4X Pro Xiaomi MI A1 3D Cartoon Panda Soft case Cover+Holder+Lanyard,35041,shopee
71,Soft Case Pelindung Anti Jatuh Model Buram Cair Lurus Untuk Redmi Note 7 Note 7 Pro,35626,shopee
48,XIAOMI/ REDMI 4A/ 4X/ 5A/ 6A/ 9A/ 9C/ 9T/ NOTE 5A/NOTE 4/NOTE 4X/ 8/ 8A/ 8A PRO/ SOFT CASE TAS DOMPET KOIN/ COIN + GANTUNGAN TALI HP SELEMPANG/ SILIKON BONEKA/ KARTUN PANDA/ BUNGA PEACE/DAISY/ CASING BAG SILICON,35720,shopee
87,Soft case Bahan Silikon Untuk Xiaomi Redmi Note 11 Note 11S Redmi Note 11 Pro Redmi 10C,36825,shopee
50,Case Redmi 9t 9c 9a 9 8a 8 S2 7 5 Plus 6a 5a 4a 6 5 Note 10 Pro 9 Pro 8 Pro 7 6 5 5a 4 4x Mi Poco M3 tassel Glitter Phone Case,37170,shopee
51,Casing Silikon Xiaomi Redmi Note7 Note7Pro Note8 8pro Note9 Note9Pro Note10 5g Note10Pro Note11 Note11Pro Motif Karakter Wanita,37252,shopee
19,"Casing Silikon Xiaomi Redmi Note7 Note7Pro Note8 8pro Note9 Note9Pro Note10 5g Note10Pro Note11 Note11Pro Motif Ilustrasi Hati Dengan Lanyard 28nq Mv
",39126,shopee
41,Sharkcasy NCT Series Aesthetic Glossy Casing Samsung Oppo Vivo Xiaomi Redmi Realme Infinix Iphone,39690,shopee
40,Casing housing backdoor xiaomi redmi note 4x,45000,shopee
10,Backdoor Backcover Xiaomi Redmi Note 4X / Note 4 Snapdragon Original,49500,shopee
90,BACKDOOR XIAOMI REDMI NOTE 4X - REDMI NOTE 4 SNAPDRAGON BACKCOVER TUTUPAN BELAKANG,53000,shopee
89,Batre Baterai Xiaomi Redmi Note 2 Redmi 2 4 4x 4a 5a Mi4i Mi A1 Redmi 3 Note 3 3s Note 5a Original,74400,shopee
